{"cameraMode":{"drawMode":0,"name":"Shaded","section":"Shading Mode"},"sceneLighting":true,"audioPlay":false,"sceneViewState":{"m_AlwaysRefresh":false,"showFog":true,"showSkybox":true,"showFlares":true,"showImageEffects":true,"showParticleSystems":true,"showVisualEffectGraphs":true,"m_FxEnabled":true},"in2DMode":false,"pivot":{"x":-7.149999618530273,"y":3.5032520294189455,"z":6.840000152587891},"rotation":{"x":0.016982318833470346,"y":-0.9483308792114258,"z":0.31280502676963808,"w":0.05155855044722557},"size":2.4494895935058595,"orthographic":false}